{
    "mae": 3.760296744539661,
    "rmse": 6.271388749576714,
    "r2": 0.8148316433255092
}
