{
    "mae": 3.6731009009083975,
    "rmse": 6.131769616675994,
    "r2": 0.8229846266227739
}
